{"is_source_file": false, "format": "", "description": "", "external_files": [], "external_methods": [], "published": [], "classes": [], "methods": [], "calls": [], "search-terms": [], "state": 2, "file_id": 12, "knowledge_revision": 20, "git_revision": "dc6efc661b91111287aa2ce313616a155133f8a7", "hash": "1f921a5280eb9abc6438af3a9ffe9c8e", "format-version": 4, "code-base-name": "tic_tac_toe_frontend", "filename": "README.md", "revision_history": [{"20": "dc6efc661b91111287aa2ce313616a155133f8a7"}]}