{"is_source_file": true, "format": "JavaScript", "description": "This is a ReactJS entry point file that initializes and renders the main App component into the DOM.", "external_files": ["react", "react-dom/client", "./index.css", "./App"], "external_methods": ["ReactDOM.createRoot", "root.render"], "published": [], "classes": [], "methods": [{"name": "ReactDOM.createRoot", "description": "Creates a root to render React components into a DOM element."}, {"name": "root.render", "description": "Renders the React component tree into the DOM node."}], "calls": ["ReactDOM.createRoot", "root.render", "document.getElementById", "React.StrictMode", "<App />"], "search-terms": ["React", "ReactDOM", "index.js", "entry point", "React component rendering"], "state": 2, "file_id": 4, "knowledge_revision": 24, "git_revision": "f502e3705996663d4f55ef5481ad4dba78764253", "ctags": [{"_type": "tag", "name": "root", "path": "/tmp/kavia/workspace/code-generation/tic-tac-toe-web-game-8946-8991/tic_tac_toe_frontend/src/index.js", "pattern": "/^const root = ReactDOM.createRoot(document.getElementById('root'));$/", "language": "JavaScript", "kind": "constant"}], "hash": "9fc5841375336fc175b49f8767a11383", "format-version": 4, "code-base-name": "tic_tac_toe_frontend", "filename": "tic_tac_toe_frontend/src/index.js", "revision_history": [{"24": "f502e3705996663d4f55ef5481ad4dba78764253"}]}