{"is_source_file": false, "format": "", "description": "", "external_files": [], "external_methods": [], "published": [], "classes": [], "methods": [], "calls": [], "search-terms": ["CSS", "theme", "App", "React", "frontend", "CSS variables"], "state": 2, "file_id": 3, "knowledge_revision": 18, "git_revision": "f502e3705996663d4f55ef5481ad4dba78764253", "hash": "22f9e17cc1848b56dbb244518ac2707e", "format-version": 4, "code-base-name": "tic_tac_toe_frontend", "filename": "tic_tac_toe_frontend/src/App.css", "revision_history": [{"18": "f502e3705996663d4f55ef5481ad4dba78764253"}]}