{"is_source_file": true, "format": "JavaScript (React JSX)", "description": "This file defines a React component named App that implements a simple web application with theme toggling functionality between light and dark modes. It manages the theme state, updates the document's data attribute accordingly, and provides a user interface with a toggle button and some static content.", "external_files": ["./logo.svg", "./App.css"], "external_methods": ["React.useState", "React.useEffect"], "published": ["App"], "classes": [], "methods": [{"name": "App()", "description": "Main React component managing theme state and rendering UI.", "scope": "", "scopeKind": ""}, {"name": "toggleTheme", "description": "Function to toggle between light and dark themes."}], "calls": ["React.useState", "React.useEffect", "document.documentElement.setAttribute"], "search-terms": ["React", "theme toggle", "useState", "useEffect", "App.js", "light dark theme", "toggle theme button"], "state": 2, "file_id": 6, "knowledge_revision": 25, "git_revision": "f502e3705996663d4f55ef5481ad4dba78764253", "ctags": [{"_type": "tag", "name": "App", "path": "/tmp/kavia/workspace/code-generation/tic-tac-toe-web-game-8946-8991/tic_tac_toe_frontend/src/App.js", "pattern": "/^function App() {$/", "language": "JavaScript", "kind": "function", "signature": "()"}, {"_type": "tag", "name": "Switch to ${theme === 'light' ? 'dark' : 'light'} mode", "path": "/tmp/kavia/workspace/code-generation/tic-tac-toe-web-game-8946-8991/tic_tac_toe_frontend/src/App.js", "pattern": "/^          aria-label={`Switch to ${theme === 'light' ? 'dark' : 'light'} mode`}$/", "language": "JavaScript", "kind": "field", "scope": "App.aria", "scopeKind": "class"}, {"_type": "tag", "name": "toggleTheme", "path": "/tmp/kavia/workspace/code-generation/tic-tac-toe-web-game-8946-8991/tic_tac_toe_frontend/src/App.js", "pattern": "/^          onClick={toggleTheme}$/", "language": "JavaScript", "kind": "field", "scope": "App.onClick", "scopeKind": "class"}], "hash": "b55dd9e6a018e59207d8e277dffd9e11", "format-version": 4, "code-base-name": "tic_tac_toe_frontend", "filename": "tic_tac_toe_frontend/src/App.js", "fields": [{"name": "aria-label={`Switch to ${theme === 'light' ? 'dark' : 'light'} mode`}", "scope": "App.aria", "scopeKind": "class", "description": "unavailable"}, {"name": "onClick={toggleTheme}", "scope": "App.onClick", "scopeKind": "class", "description": "unavailable"}], "revision_history": [{"25": "f502e3705996663d4f55ef5481ad4dba78764253"}]}